Episode,Time,Blocks placed,Final Score,,Promedio
1,1.327208757,21,1150,,1241.904
2,1.133768797,21,1334,,
3,1.151392937,21,1408,,
4,1.312936306,21,1228,,
5,1.530225515,21,930,,
6,1.317846298,21,1086,,
7,1.310977936,21,1308,,
8,1.536685944,21,1240,,
9,1.095359564,21,1362,,
10,1.392174006,21,1462,,
11,1.368281841,21,1304,,
12,1.123779058,21,1414,,
13,1.879576683,21,1286,,
14,1.118047476,21,1338,,
15,1.322824717,21,1360,,
16,1.204021454,21,1256,,
17,1.539670467,19,914,,
18,1.241003036,21,1372,,
19,1.516032219,20,1006,,
20,1.184865236,21,1224,,
21,1.30454421,21,1146,,
22,1.183091879,21,1344,,
23,1.684050798,21,1262,,
24,1.223621845,21,1108,,
25,1.11618042,21,1266,,
26,1.501900434,21,1088,,
27,1.20879364,21,1270,,
28,1.173827648,21,1400,,
29,1.378013849,21,1190,,
30,1.303929567,21,1174,,
31,1.239850283,21,1342,,
32,1.280038595,21,1454,,
33,1.510947227,21,1170,,
34,1.388663054,21,1426,,
35,1.26358676,21,1510,,
36,1.38403964,21,1120,,
37,1.150164604,21,1278,,
38,1.381797075,21,1368,,
39,1.573240995,21,1320,,
40,1.383952856,21,1324,,
41,1.383001328,21,1222,,
42,1.331875563,17,942,,
43,1.504371881,21,1248,,
44,1.087796926,21,1382,,
45,1.256703854,21,1186,,
46,1.35832572,21,1154,,
47,1.138153553,21,1314,,
48,1.527684689,21,1284,,
49,1.040325642,21,1374,,
50,1.458339214,21,1252,,
51,1.292466164,21,1456,,
52,1.355240822,21,1142,,
53,1.586778164,21,1136,,
54,1.283609867,21,1058,,
55,1.060343742,21,1530,,
56,1.418663502,21,1288,,
57,1.72417593,21,1006,,
58,1.211364269,21,1392,,
59,1.639955282,21,1182,,
60,1.523288012,21,1012,,
61,1.269816637,21,1308,,
62,1.308894873,21,1032,,
63,1.199547291,21,1370,,
64,1.289357424,21,1074,,
65,1.409499407,21,1390,,
66,1.315167189,17,1030,,
67,1.453879833,21,1154,,
68,1.31391263,21,1170,,
69,1.460542917,21,1006,,
70,1.328187704,21,1216,,
71,1.153493404,21,1356,,
72,1.439990044,21,1094,,
73,1.348864079,21,1304,,
74,1.299889326,21,1162,,
75,1.363358498,21,1126,,
76,1.259775877,21,1430,,
77,1.415531397,21,1214,,
78,1.327275753,21,1222,,
79,1.243602037,21,1220,,
80,1.285707235,21,1248,,
81,1.334109545,21,1062,,
82,1.417533159,21,1224,,
83,1.598929405,21,1008,,
84,1.456271172,21,1170,,
85,1.233184814,21,1282,,
86,1.290452003,21,1226,,
87,1.245232344,21,1404,,
88,1.30739212,21,1286,,
89,1.397111177,21,1332,,
90,1.233851433,21,1102,,
91,1.172016859,21,1408,,
92,1.390081167,18,952,,
93,1.311034679,21,1022,,
94,1.250809669,21,1244,,
95,1.27118969,21,1282,,
96,1.436213017,20,1078,,
97,1.434562445,21,1208,,
98,1.281590223,21,1324,,
99,1.249217033,21,1362,,
100,1.413872719,21,1042,,
101,1.385982752,21,1292,,
102,1.351859093,21,972,,
103,1.32333374,21,1116,,
104,1.602252722,21,1214,,
105,1.569056988,21,1176,,
106,1.274972439,21,1148,,
107,1.358355284,21,1040,,
108,1.687509298,21,1298,,
109,1.251319647,21,1302,,
110,1.623993158,21,1106,,
111,1.211740971,21,1342,,
112,1.203864574,21,1194,,
113,1.667150259,21,1062,,
114,1.373338461,21,1174,,
115,1.297681332,21,1266,,
116,1.26841855,21,1482,,
117,1.114268064,21,1250,,
118,1.278186798,21,1078,,
119,1.38034153,21,1294,,
120,1.388484716,21,1246,,
121,1.317838907,21,1258,,
122,1.4483459,21,1222,,
123,1.434992313,21,1120,,
124,1.206616402,21,1444,,
125,1.348129034,21,1172,,
126,1.074976206,21,1354,,
127,1.377233744,21,1286,,
128,1.238688946,21,1122,,
129,1.346502304,21,1154,,
130,1.404803038,21,1178,,
131,1.033757925,21,1368,,
132,1.084322929,21,1284,,
133,1.256430864,21,1388,,
134,1.379705667,21,1114,,
135,1.332152843,21,1320,,
136,1.213496208,21,1452,,
137,1.210686922,21,1284,,
138,1.501660585,21,1228,,
139,1.421958208,21,1388,,
140,1.230861425,21,1180,,
141,1.33560133,21,1364,,
142,1.533028841,20,1144,,
143,1.509104967,21,1116,,
144,1.361862183,21,1406,,
145,1.30098772,21,1082,,
146,1.267371178,21,1200,,
147,1.101583958,21,1372,,
148,0.847373247,21,1442,,
149,1.489168882,21,1156,,
150,1.704403639,21,1090,,
151,1.302313566,21,1208,,
152,1.616616726,21,1164,,
153,1.249602318,21,1346,,
154,1.092184544,21,1296,,
155,1.408002853,21,1310,,
156,1.206293106,21,1252,,
157,1.220003843,21,1338,,
158,1.699592352,21,1160,,
159,1.068533897,21,1488,,
160,1.516904831,21,976,,
161,1.469989538,21,1340,,
162,1.399001598,21,1264,,
163,1.470318079,21,996,,
164,1.388338804,21,1216,,
165,1.399404287,21,1196,,
166,1.181316376,21,1350,,
167,1.418755054,18,998,,
168,1.537141562,21,1192,,
169,1.320089817,21,1272,,
170,1.33733654,21,1240,,
171,1.146835089,21,1252,,
172,1.101873875,21,1412,,
173,1.154115438,21,1350,,
174,1.174001217,15,582,,
175,1.361028194,21,1244,,
176,1.217673302,21,1272,,
177,1.58381629,18,772,,
178,1.552513123,21,1222,,
179,1.215991497,21,1514,,
180,1.236162424,21,1406,,
181,1.245509148,21,1480,,
182,1.348791838,21,932,,
183,1.393636227,21,1116,,
184,1.31092906,21,1212,,
185,1.145903349,21,1360,,
186,1.335055351,21,1282,,
187,1.218284369,21,1456,,
188,1.216629505,21,1280,,
189,1.335443497,21,1246,,
190,1.292113781,21,1134,,
191,1.148312569,21,1228,,
192,1.320529222,21,836,,
193,1.39550519,21,1254,,
194,1.508756399,21,1172,,
195,1.267312527,21,1308,,
196,1.316757917,21,1230,,
197,1.350924015,21,1326,,
198,1.291985989,21,1366,,
199,1.390781164,21,1194,,
200,1.373127222,21,1296,,
201,1.381165266,21,1284,,
202,1.304082632,21,1122,,
203,1.275256634,21,1252,,
204,1.430687428,21,1052,,
205,1.52722764,21,916,,
206,1.307208538,20,674,,
207,1.521415949,21,1364,,
208,1.217546463,21,1230,,
209,1.457990885,21,1014,,
210,1.391586065,21,942,,
211,1.358624458,21,1318,,
212,1.363233566,21,1086,,
213,1.702003479,21,1056,,
214,1.387934685,21,1156,,
215,1.462524652,21,994,,
216,1.204906225,21,1310,,
217,1.559405327,21,1108,,
218,1.342899084,21,1420,,
219,1.463772535,16,952,,
220,1.426411152,21,1322,,
221,0.998003244,21,1408,,
222,1.384536743,21,1312,,
223,1.223531961,21,1318,,
224,1.119002581,21,1278,,
225,1.439996958,21,1118,,
226,1.174029112,21,1364,,
227,1.174186707,21,1224,,
228,1.252999544,21,1294,,
229,1.054530382,21,1436,,
230,1.139993429,21,1350,,
231,1.08600688,21,1452,,
232,1.186381102,21,1262,,
233,1.578526974,21,1130,,
234,1.130547285,21,1246,,
235,1.358999252,21,1324,,
236,1.346997023,21,1214,,
237,1.1734972,21,1232,,
238,1.399456263,21,1120,,
239,1.153599501,21,1294,,
240,1.079697609,21,1426,,
241,1.322197437,21,1190,,
242,1.515921593,21,1050,,
243,1.221429586,21,1358,,
244,1.131849051,21,1340,,
245,1.351999044,21,1048,,
246,1.435603619,21,966,,
247,1.317901373,20,900,,
248,1.205020428,21,1338,,
249,1.150122166,21,1338,,
250,1.280227661,21,1276,,
251,1.342982292,21,1336,,
252,1.242012024,21,1168,,
253,1.250430107,21,1332,,
254,1.45908618,21,1084,,
255,1.515395164,21,1278,,
256,1.304860115,21,1188,,
257,1.402474403,21,1096,,
258,1.219763041,21,1298,,
259,1.482098818,21,1098,,
260,1.368869305,21,1258,,
261,1.233088255,21,1188,,
262,1.318407774,21,1456,,
263,1.321212769,21,1180,,
264,1.14983511,21,1412,,
265,1.218870878,21,1272,,
266,1.357592583,21,1136,,
267,1.247681141,21,1198,,
268,1.246103525,21,1466,,
269,1.375646591,21,1452,,
270,1.48139596,21,1146,,
271,1.507341623,21,1196,,
272,1.445713997,21,1084,,
273,1.227091789,21,1370,,
274,1.275174618,21,1012,,
275,1.389219046,21,1148,,
276,1.377735376,21,1186,,
277,1.255672932,21,1164,,
278,1.63679862,21,1346,,
279,1.388251543,21,1424,,
280,1.461966991,21,1230,,
281,1.193138838,21,1364,,
282,1.485971689,21,1240,,
283,1.307325363,21,1064,,
284,1.153796911,21,1272,,
285,1.222416639,21,1468,,
286,1.294708967,21,1032,,
287,1.318701267,21,1304,,
288,1.275013924,21,1160,,
289,1.164552927,21,1256,,
290,1.380829811,21,1288,,
291,1.357419729,21,1190,,
292,1.188999176,21,1498,,
293,1.549012661,21,1204,,
294,1.160998344,21,1388,,
295,1.125516653,21,1458,,
296,1.234005213,21,1182,,
297,1.28799963,21,1250,,
298,1.243514061,21,1200,,
299,1.625231028,21,1100,,
300,1.568239689,21,1154,,
301,1.485998631,21,1210,,
302,1.42498064,21,1232,,
303,1.15051651,21,1204,,
304,1.353345871,21,1020,,
305,1.429012775,21,1262,,
306,1.490982771,21,1202,,
307,1.502997875,21,1108,,
308,1.225996494,21,1248,,
309,1.367018461,21,1122,,
310,1.233040094,21,1334,,
311,1.115445614,21,1378,,
312,1.259010792,21,1276,,
313,1.336550713,21,1200,,
314,1.28526926,21,1114,,
315,1.586006641,21,1088,,
316,1.393992662,21,1188,,
317,1.195066214,21,1328,,
318,1.617010593,21,1222,,
319,1.497000694,21,1270,,
320,1.302041054,18,946,,
321,1.432044983,21,1296,,
322,1.575004339,21,1494,,
323,1.465002298,21,1266,,
324,1.395999432,21,1312,,
325,1.512008905,21,1114,,
326,1.298000813,21,1132,,
327,1.068001747,21,1490,,
328,1.515011549,21,992,,
329,1.258528948,21,994,,
330,1.172934294,21,1310,,
331,1.295697689,21,1270,,
332,1.191302538,21,1216,,
333,1.483522654,21,1188,,
334,1.096999884,21,1434,,
335,1.233513832,21,1338,,
336,1.373471498,21,1262,,
337,1.387001753,21,846,,
338,1.236000776,21,1324,,
339,1.533004761,20,1094,,
340,1.173013926,21,1358,,
341,1.479001045,21,1150,,
342,1.361229181,21,1176,,
343,1.12913537,21,1408,,
344,1.309000254,21,1432,,
345,1.13106966,21,1420,,
346,1.147998571,21,1340,,
347,1.270971298,21,1246,,
348,1.302010775,21,1190,,
349,1.338525772,21,1282,,
350,1.388000488,19,958,,
351,1.265528202,21,1306,,
352,1.282477379,21,1532,,
353,1.527003765,21,962,,
354,1.457157373,21,1034,,
355,1.139015436,21,1342,,
356,1.477000713,21,1234,,
357,1.151996136,21,1320,,
358,1.205998182,21,1274,,
359,1.30300045,21,1288,,
360,1.507038593,21,1184,,
361,1.269360781,21,1324,,
362,1.387996912,21,1214,,
363,1.15300703,21,1330,,
364,1.336012363,21,1378,,
365,1.504007816,21,1334,,
366,1.183995962,21,1342,,
367,1.228983641,21,1360,,
368,1.46137166,21,944,,
369,1.631011724,21,1100,,
370,1.037009716,21,1434,,
371,1.26251173,21,1218,,
372,1.57200861,21,1132,,
373,1.359025955,21,1276,,
374,1.22201705,21,1432,,
375,1.303001404,21,1378,,
376,1.595612288,18,770,,
377,1.283574104,21,1274,,
378,1.172616243,21,1280,,
379,1.350012064,21,1148,,
380,1.138992071,21,1354,,
381,1.738232851,21,1054,,
382,1.260002136,21,1440,,
383,1.237995625,21,1236,,
384,1.204999685,21,1446,,
385,1.433207273,20,972,,
386,1.340208769,21,1292,,
387,1.106993675,21,1380,,
388,1.2395432,21,1356,,
389,1.345015526,21,1270,,
390,1.392996311,21,1274,,
391,1.471923828,21,1318,,
392,1.055003166,21,1362,,
393,1.195520163,21,1304,,
394,1.203999043,21,1332,,
395,1.201000214,21,1414,,
396,1.27499938,21,1298,,
397,1.195013523,21,1318,,
398,1.28399086,21,1314,,
399,1.383000612,21,1368,,
400,1.382007837,21,1210,,
401,1.217014551,21,1280,,
402,1.200997353,21,1414,,
403,1.302999735,21,1188,,
404,1.322526217,21,1410,,
405,1.243908644,21,1256,,
406,1.203999996,21,1182,,
407,1.131995678,21,1312,,
408,1.340523481,21,1128,,
409,1.362335443,21,1246,,
410,1.35651803,21,1280,,
411,1.230448246,21,1440,,
412,1.108025074,21,1374,,
413,1.512388229,21,946,,
414,1.299996853,21,1250,,
415,1.574383259,21,1094,,
416,1.203036547,21,1328,,
417,1.321001291,21,1178,,
418,1.25574255,21,1242,,
419,1.360000849,21,1318,,
420,1.324928522,21,1232,,
421,1.032007217,21,1424,,
422,1.332000256,21,1166,,
423,1.435882807,21,1052,,
424,1.280998468,21,1332,,
425,1.299001932,21,1370,,
426,1.556004286,21,1198,,
427,1.25001049,21,1138,,
428,1.266235828,21,1266,,
429,0.981999397,21,1552,,
430,1.473998547,21,1228,,
431,1.545994997,21,1154,,
432,1.366565704,21,1234,,
433,1.34504056,21,1362,,
434,1.398010015,21,1466,,
435,1.165984631,21,1248,,
436,1.574541092,21,1196,,
437,1.587421417,21,944,,
438,1.386748314,21,1306,,
439,1.3027215,21,1044,,
440,1.272616625,21,1228,,
441,1.536459208,21,1092,,
442,1.329003334,21,1024,,
443,1.491377115,21,1390,,
444,1.180132389,21,1140,,
445,1.2570014,21,1248,,
446,1.407000065,21,1250,,
447,1.501530886,21,1156,,
448,1.404999971,21,1156,,
449,1.551003456,21,1252,,
450,1.314999819,21,1318,,
451,1.106595278,21,1410,,
452,1.509004593,20,892,,
453,1.202005386,21,1362,,
454,1.462003469,21,1110,,
455,1.270007372,21,1114,,
456,1.38299799,21,1300,,
457,1.379999399,21,1222,,
458,1.240990162,21,1060,,
459,1.417000055,21,1434,,
460,1.144000292,21,1342,,
461,1.290202618,21,1238,,
462,1.589902639,21,1184,,
463,1.194999695,21,1192,,
464,1.411340952,21,1088,,
465,1.357555866,21,1114,,
466,1.405008554,21,1202,,
467,1.397992373,21,1280,,
468,1.438999653,21,1152,,
469,1.338005781,19,898,,
470,1.367999315,21,1402,,
471,1.377994061,21,1326,,
472,0.986005545,21,1384,,
473,1.383167505,21,1192,,
474,1.260016918,21,1344,,
475,1.277021646,21,1212,,
476,1.140000343,21,1190,,
477,1.566518545,21,982,,
478,1.295994997,21,1134,,
479,1.444527626,21,1142,,
480,1.44801569,21,1194,,
481,1.286705256,21,1296,,
482,1.29750514,21,1288,,
483,1.118011951,21,1298,,
484,1.177004337,21,1252,,
485,1.24899888,21,1164,,
486,1.550998926,21,1192,,
487,1.366005898,21,1140,,
488,1.236299515,21,1416,,
489,1.443999767,21,1192,,
490,1.318999767,21,1270,,
491,1.3405931,21,1354,,
492,1.322136402,21,1222,,
493,1.236525774,21,1236,,
494,1.260530472,21,1196,,
495,1.384001493,21,1012,,
496,1.147053003,21,1372,,
497,1.488071918,21,1350,,
498,1.323043108,21,1220,,
499,1.222036362,21,1360,,
500,1.372000694,21,1354,,
501,1.437000513,21,1034,,
502,1.223031998,21,1244,,
503,1.397008896,21,1220,,
504,1.316485882,21,1274,,
505,1.19999814,21,1268,,
506,1.235994339,21,1102,,
507,1.252523422,21,1236,,
508,1.315002441,21,1328,,
509,1.169997454,21,1326,,
510,1.23099947,21,1186,,
511,1.383268833,21,1332,,
512,1.311002493,21,1092,,
513,1.31099987,21,1274,,
514,1.260000944,21,1238,,
515,1.413020849,21,1304,,
516,1.268025398,21,1236,,
517,1.200999737,21,1286,,
518,1.300002813,21,1228,,
519,1.586000443,21,1078,,
520,1.438401699,21,1200,,
521,1.407520294,21,1228,,
522,1.504998922,21,1174,,
523,1.388855219,21,1470,,
524,1.274996042,21,1336,,
525,1.246001959,21,1246,,
526,1.251000881,21,1334,,
527,1.333005428,21,1438,,
528,1.361515045,21,1218,,
529,1.167050123,21,1468,,
530,1.332532406,21,1076,,
531,1.413001537,21,1134,,
532,1.253534317,21,1436,,
533,1.441003561,21,1148,,
534,1.319999695,21,1088,,
535,1.232908487,21,1242,,
536,1.052006245,21,1402,,
537,1.457066774,19,1006,,
538,1.287008286,21,1418,,
539,1.398536444,21,1068,,
540,1.357001305,21,1182,,
541,1.511037588,21,1064,,
542,1.230000019,21,1426,,
543,1.194527149,21,1416,,
544,1.160997391,21,1394,,
545,1.206002474,21,1402,,
546,1.235017061,21,1360,,
547,1.144510269,21,1292,,
548,1.313000441,21,1132,,
549,1.208195686,21,1358,,
550,1.30499959,21,1250,,
551,1.460994482,21,1148,,
552,1.125002384,21,1282,,
553,1.045001984,21,1458,,
554,1.356995583,21,1160,,
555,1.416000605,21,1370,,
556,1.461997271,21,1196,,
557,1.559982538,21,1232,,
558,1.335001469,21,1376,,
559,1.309000492,21,1186,,
560,1.502030849,21,1120,,
561,1.328002214,21,1148,,
562,1.348131657,21,1148,,
563,1.504718065,21,1090,,
564,1.342000961,21,1246,,
565,1.342998981,21,1260,,
566,1.333011389,21,1266,,
567,1.079423428,21,1348,,
568,1.390036583,21,1296,,
569,1.39539814,21,1336,,
570,1.297999144,21,998,,
571,1.427997828,21,1038,,
572,1.411007643,18,736,,
573,1.461000204,21,1278,,
574,1.390998602,21,1290,,
575,1.205999374,21,1180,,
576,1.066782475,21,1320,,
577,1.47006011,21,1278,,
578,1.396061897,21,1086,,
579,1.385000706,21,1234,,
580,1.227037907,21,1242,,
581,1.497045279,21,1260,,
582,1.268994808,21,1386,,
583,1.33504343,21,1278,,
584,1.156536102,21,1464,,
585,1.385002375,21,1390,,
586,1.315000296,21,1268,,
587,1.230998755,21,1260,,
588,1.288837671,21,1264,,
589,1.76499939,21,1024,,
590,1.255999565,21,1218,,
591,1.577999353,21,1074,,
592,1.307999372,21,1478,,
593,1.440007687,21,1286,,
594,1.572516203,21,1310,,
595,1.658529282,21,1340,,
596,1.364996433,21,1300,,
597,1.397481918,21,1310,,
598,1.374525547,21,1450,,
599,1.370391607,21,1176,,
600,1.322751284,21,1322,,
601,1.339816093,21,1354,,
602,1.180999041,21,1266,,
603,1.530000687,17,866,,
604,1.381021976,21,1230,,
605,1.392999411,21,1224,,
606,1.407999754,21,1168,,
607,1.308991194,21,1400,,
608,1.306996822,21,1166,,
609,1.293001413,21,1310,,
610,0.995065689,21,1414,,
611,1.516000986,21,1344,,
612,1.525959253,21,1112,,
613,0.919017315,21,1452,,
614,1.249993086,21,1150,,
615,1.596502781,21,1198,,
616,1.307005167,21,1208,,
617,1.400016069,21,1320,,
618,1.258097172,21,1262,,
619,1.22852087,21,1158,,
620,1.285999775,21,1248,,
621,1.234999418,21,1470,,
622,1.333521605,21,1342,,
623,1.386040211,21,1378,,
624,1.138993979,21,1384,,
625,1.489998579,21,1092,,
626,1.43799901,21,1106,,
627,1.242987871,21,1244,,
628,1.372536421,21,1310,,
629,1.329645872,21,1270,,
630,1.063995838,21,1374,,
631,1.34786582,21,1304,,
632,1.371038437,21,1304,,
633,1.290999651,21,1450,,
634,1.253997564,21,1218,,
635,1.460057735,21,1238,,
636,1.190007925,21,1350,,
637,1.402077913,21,1252,,
638,1.347017527,21,1202,,
639,1.557001591,21,970,,
640,1.518000603,21,1006,,
641,1.406005621,21,1138,,
642,1.232997894,21,1346,,
643,1.581090927,21,1018,,
644,1.034760475,21,1498,,
645,1.192495108,21,1300,,
646,1.169829369,21,1242,,
647,1.361002207,21,1166,,
648,1.450519323,21,994,,
649,1.421998262,21,1136,,
650,1.186005354,21,1382,,
651,1.468017578,21,1226,,
652,1.05337286,21,1500,,
653,1.210011482,21,1228,,
654,1.445993662,21,1430,,
655,1.488108158,21,1234,,
656,1.897001505,21,890,,
657,1.456022024,21,1236,,
658,1.245998383,21,1168,,
659,1.346998692,21,1170,,
660,1.260542393,21,1116,,
661,1.623999596,21,1124,,
662,1.513526201,21,1210,,
663,1.142525434,21,1304,,
664,1.016999722,21,1492,,
665,1.383996964,21,1354,,
666,1.258000374,21,1392,,
667,1.15399909,21,1458,,
668,1.305989265,21,1170,,
669,1.192002535,21,1454,,
670,1.289999485,21,1314,,
671,1.083080769,21,1316,,
672,1.005454302,21,1498,,
673,1.265993834,21,1232,,
674,1.134005785,21,1344,,
675,1.524017334,21,1214,,
676,1.300999403,21,1392,,
677,1.103007317,21,1400,,
678,1.210001469,21,1244,,
679,1.594092607,21,1036,,
680,1.456509829,21,1260,,
681,1.386090755,21,1260,,
682,1.669512272,20,1010,,
683,1.303502321,21,1274,,
684,1.400938749,16,856,,
685,1.404574633,21,1368,,
686,1.416994572,21,1050,,
687,1.691996574,21,1134,,
688,1.351993561,21,1230,,
689,1.349054813,21,1218,,
690,1.499000311,21,970,,
691,1.288060904,21,1238,,
692,1.531935453,21,944,,
693,1.272981167,21,1264,,
694,1.257508516,21,978,,
695,1.340530634,21,1192,,
696,1.302000761,21,1314,,
697,1.524001837,21,1232,,
698,1.242995739,21,1332,,
699,1.151002645,21,1196,,
700,1.4755404,19,1038,,
701,1.373999834,21,1208,,
702,1.317000151,21,1186,,
703,1.406000853,21,1412,,
704,1.204001665,21,1400,,
705,1.381035805,21,1402,,
706,1.078994751,21,1388,,
707,1.336850643,21,1166,,
708,1.204145193,21,1188,,
709,1.527003527,21,1186,,
710,1.319457054,21,1324,,
711,1.393995285,21,1014,,
712,0.984003067,21,1496,,
713,1.239965439,21,1170,,
714,1.21036315,21,1194,,
715,1.301995516,21,1422,,
716,1.499003649,18,838,,
717,1.475002289,21,1234,,
718,1.524025917,21,1134,,
719,1.7280128,20,970,,
720,1.251140833,21,1492,,
721,1.183000088,21,1430,,
722,1.234444141,21,1376,,
723,1.33300209,21,1070,,
724,1.303997755,21,1490,,
725,1.5,21,1336,,
726,1.395593643,21,1186,,
727,1.223880291,21,1232,,
728,1.302042007,21,1240,,
729,1.393999577,21,1062,,
730,1.39900589,21,1306,,
731,1.421998739,21,1188,,
732,1.403039455,21,1144,,
733,1.319511175,21,1312,,
734,1.418535233,21,1262,,
735,1.421051025,21,986,,
736,1.268002272,21,1410,,
737,1.287508965,21,1294,,
738,1.460044384,21,1152,,
739,1.585002422,21,1092,,
740,1.226001024,21,1194,,
741,1.290997982,21,1256,,
742,1.129529715,21,1468,,
743,1.356998444,21,1296,,
744,1.412518263,21,1338,,
745,1.161019087,21,1432,,
746,1.590471745,21,1292,,
747,1.51300025,21,978,,
748,1.114693165,21,1462,,
749,1.032018423,21,1534,,
750,1.389397621,21,1060,,
751,1.322390556,21,1136,,
752,1.579004526,21,786,,
753,1.411044836,21,1138,,
754,1.459021807,21,1022,,
755,1.276042223,21,1402,,
756,1.119514465,21,1342,,
757,1.307534695,21,1116,,
758,1.397350311,21,1086,,
759,1.216056108,21,1238,,
760,1.232000351,21,1296,,
761,1.17803359,21,1374,,
762,1.519000053,21,1118,,
763,1.364937305,21,1058,,
764,1.477995157,21,1074,,
765,1.08199954,21,1284,,
766,1.256000519,21,1458,,
767,1.403745651,21,1242,,
768,1.482000113,21,1004,,
769,1.069007158,21,1378,,
770,1.155003309,21,1360,,
771,1.595998287,19,762,,
772,1.549001217,21,1332,,
773,1.335996628,21,1310,,
774,1.327006102,21,1490,,
775,1.200999022,21,1404,,
776,1.242996693,21,1122,,
777,1.381993532,21,1352,,
778,1.429997921,21,1392,,
779,1.270999193,21,1222,,
780,1.545001268,21,1278,,
781,1.545983553,21,932,,
782,1.404545784,21,1358,,
783,1.477024078,21,1156,,
784,1.121997833,21,1418,,
785,1.323521852,21,1232,,
786,1.34250617,21,1274,,
787,1.468003988,21,1182,,
788,1.355022907,21,1254,,
789,1.256171465,21,1436,,
790,1.273000717,21,1350,,
791,1.296999454,14,742,,
792,1.351435423,21,1278,,
793,1.395022154,21,1306,,
794,1.409035444,21,1330,,
795,1.369000435,21,1278,,
796,1.338999033,21,1092,,
797,1.709569931,21,1086,,
798,1.253993273,21,1286,,
799,1.365985632,21,1244,,
800,1.108302116,21,1358,,
801,1.237994909,21,1348,,
802,1.483008623,21,1068,,
803,1.292006493,21,1264,,
804,1.367825747,21,1000,,
805,1.135657549,21,1394,,
806,1.46399951,21,1026,,
807,1.412995577,21,1116,,
808,1.068995953,21,1506,,
809,1.416550875,21,1004,,
810,1.263991117,21,1162,,
811,1.078533888,21,1384,,
812,1.254997492,21,1290,,
813,1.108522654,21,1420,,
814,1.463002443,21,1218,,
815,1.363001585,21,1174,,
816,1.380010843,21,1086,,
817,1.120462418,21,1334,,
818,1.381820679,21,1276,,
819,1.495000362,21,1060,,
820,1.70200038,21,1050,,
821,1.114002943,21,1294,,
822,1.416588783,21,1188,,
823,1.326002836,21,1448,,
824,1.214996338,21,1388,,
825,1.424004078,21,1318,,
826,1.500000715,21,1196,,
827,1.127994776,21,1480,,
828,1.266999245,21,1328,,
829,1.15899992,21,1474,,
830,1.299003839,21,1306,,
831,1.221031666,21,1224,,
832,1.251002073,21,1396,,
833,1.376999617,21,1174,,
834,1.29053688,21,1296,,
835,1.204536676,21,1332,,
836,1.516993999,19,994,,
837,1.263991833,21,1286,,
838,1.303001404,21,984,,
839,1.277613878,21,1030,,
840,1.164989948,21,1414,,
841,1.247995853,21,1214,,
842,1.489009619,21,1092,,
843,1.427005053,21,1026,,
844,1.336001635,21,1146,,
845,1.302988052,21,1200,,
846,1.274013758,21,1330,,
847,1.293615818,21,1286,,
848,1.465492487,21,1300,,
849,1.387505054,21,1136,,
850,1.233560085,21,1460,,
851,1.75599575,21,1274,,
852,1.333987474,21,1094,,
853,1.316004515,21,1298,,
854,1.38099122,21,1310,,
855,1.539010048,21,1084,,
856,1.485518694,21,1254,,
857,1.06039834,21,1434,,
858,1.489004612,21,1118,,
859,1.187045813,21,1400,,
860,1.334995508,21,1146,,
861,1.200999498,21,1298,,
862,1.52500701,21,1334,,
863,1.411999702,21,1272,,
864,1.280997753,21,1044,,
865,1.13831377,21,1164,,
866,1.106275558,21,1478,,
867,1.314005852,21,998,,
868,1.265995741,21,1162,,
869,1.276996374,21,1376,,
870,1.51153326,20,1006,,
871,1.39899826,21,1264,,
872,1.352855921,21,1420,,
873,1.241994619,21,1386,,
874,1.380000353,21,1288,,
875,1.537999153,21,1098,,
876,1.416000843,21,1336,,
877,1.348362207,21,1396,,
878,1.421995163,21,1350,,
879,1.258998394,21,1406,,
880,1.192993402,21,1198,,
881,1.305003643,21,1180,,
882,1.470000744,21,1244,,
883,1.122998476,21,1382,,
884,1.377002239,21,1148,,
885,1.526008129,21,1230,,
886,1.376001835,21,1334,,
887,1.466986179,21,1234,,
888,1.273996115,21,1158,,
889,1.425001383,21,1160,,
890,1.734472036,21,1000,,
891,1.568717718,21,1196,,
892,1.410999537,21,1242,,
893,1.411000252,21,1170,,
894,1.296996355,21,1330,,
895,1.523005009,21,1080,,
896,1.393124342,21,1324,,
897,1.358376741,21,1170,,
898,1.121992826,21,1450,,
899,1.410009861,21,1316,,
900,1.300006866,21,1336,,
901,1.133998156,21,1300,,
902,1.302003145,21,1124,,
903,1.249000072,21,1230,,
904,1.437917709,21,1152,,
905,1.076480389,21,1174,,
906,1.24600172,21,1398,,
907,1.32001853,21,1360,,
908,1.147007465,21,1236,,
909,1.452008009,21,1100,,
910,1.536995888,21,1230,,
911,1.232001066,21,1040,,
912,1.49499917,21,1210,,
913,1.207304716,21,1266,,
914,1.321992397,21,1214,,
915,1.458998442,21,1254,,
916,1.437005758,21,794,,
917,1.213999748,21,1294,,
918,1.262992859,21,1312,,
919,1.438996553,21,836,,
920,1.237000465,21,1376,,
921,1.283005953,21,1390,,
922,1.234998465,21,1386,,
923,1.2640028,21,1324,,
924,1.35499835,20,1026,,
925,1.470000505,21,964,,
926,1.197005987,21,1158,,
927,1.334028244,21,1186,,
928,1.074008703,21,1234,,
929,1.255999088,21,1152,,
930,1.300004482,21,1200,,
931,1.446994543,21,1138,,
932,1.148004293,21,1350,,
933,1.215010166,21,1260,,
934,1.206998348,21,1304,,
935,1.117001057,21,1220,,
936,1.346531868,21,1182,,
937,1.191496849,21,1402,,
938,1.309998751,21,1296,,
939,1.094012737,21,1144,,
940,1.309994459,21,1240,,
941,1.268209219,21,1172,,
942,1.382997274,21,1218,,
943,1.381044626,21,878,,
944,1.431002617,18,874,,
945,1.224452734,21,1302,,
946,1.262999535,21,1232,,
947,1.44554615,21,1222,,
948,1.671513557,21,1168,,
949,1.344007254,21,828,,
950,1.353993177,21,1384,,
951,1.435000658,21,1134,,
952,1.068537235,21,1308,,
953,1.26698637,21,1240,,
954,1.275036335,21,1394,,
955,1.444000721,21,1232,,
956,1.334983349,21,1224,,
957,1.226000309,21,1256,,
958,1.130635738,21,1294,,
959,1.338002443,21,1326,,
960,1.241002083,21,1320,,
961,1.443840742,21,1240,,
962,1.385014534,21,1324,,
963,1.147003889,21,1406,,
964,1.276003361,21,1302,,
965,1.453985691,21,1126,,
966,1.690998077,21,1172,,
967,1.277457714,21,1450,,
968,1.438293695,21,1268,,
969,1.137002707,21,1458,,
970,1.387070417,21,1196,,
971,1.341994762,21,1306,,
972,1.387537956,21,1364,,
973,1.470816135,21,1226,,
974,1.270999432,21,1326,,
975,1.251031399,21,1264,,
976,1.389991283,21,1486,,
977,1.127028942,21,1352,,
978,1.413004637,21,1264,,
979,1.42799449,21,1238,,
980,1.39601326,21,1112,,
981,1.171999693,21,1202,,
982,1.31599617,21,1258,,
983,1.355998278,21,1168,,
984,1.50203371,21,1110,,
985,1.020999193,21,1474,,
986,1.360554934,21,1372,,
987,1.447521925,21,1132,,
988,1.096997261,21,1372,,
989,1.299996376,21,1422,,
990,1.515003443,21,1392,,
991,1.289001465,21,1060,,
992,1.401013613,21,984,,
993,1.146005154,21,1380,,
994,1.242999315,21,1328,,
995,1.307993174,21,1400,,
996,1.309000254,21,1196,,
997,1.273994684,21,1260,,
998,1.429738998,21,1246,,
999,1.217014551,21,1316,,
1000,1.199984789,21,1346,,
1001,1.285000563,21,1482,,
1002,1.286005974,21,1184,,
1003,1.336516142,21,1174,,
1004,1.518669844,21,1272,,
1005,1.218033552,21,1524,,
1006,1.249000311,21,1244,,
1007,1.566998959,21,1054,,
1008,1.301041842,21,1220,,
1009,1.137017012,21,1330,,
1010,1.505050421,21,986,,
1011,1.334971189,21,988,,
1012,1.362518549,21,1210,,
1013,1.165020466,21,1402,,
1014,1.146002293,21,1178,,
1015,1.229000568,21,1100,,
1016,1.288003683,21,1080,,
1017,1.478001595,21,1150,,
1018,1.302541971,21,1324,,
1019,1.465081215,21,1250,,
1020,1.594993353,21,1172,,
1021,1.43900013,21,1040,,
1022,1.476999044,21,1358,,
1023,1.2490623,21,932,,
1024,1.431000471,21,1128,,
1025,1.604543447,21,1156,,
1026,1.259999037,21,1268,,
1027,1.118000031,21,1404,,
1028,1.218996525,21,1248,,
1029,1.737997293,21,1172,,
1030,1.274991989,21,1334,,
1031,1.853023529,21,968,,
1032,1.629992247,21,1144,,
1033,1.173000574,21,1378,,
1034,1.306994438,21,1334,,
1035,1.345733881,21,1188,,
1036,1.182002068,21,1328,,
1037,1.071001291,21,1380,,
1038,1.273992777,21,1330,,
1039,1.457999468,21,1190,,
1040,1.171005964,21,1344,,
1041,1.388998747,21,1304,,
1042,1.265996456,21,1340,,
1043,1.097999096,21,1322,,
1044,1.350993156,21,1306,,
1045,1.389000893,21,1304,,
1046,1.286025524,21,1246,,
1047,1.550000191,21,1334,,
1048,1.229002237,21,1290,,
1049,1.272112131,21,1412,,
1050,1.379823208,21,1334,,
1051,1.496277094,21,1180,,
1052,1.372002602,21,1110,,
1053,1.418994665,21,1184,,
1054,1.135001898,21,1436,,
1055,1.381067038,21,1174,,
1056,1.533002615,21,1100,,
1057,1.568006039,21,1176,,
1058,1.296538353,21,1116,,
1059,1.161997557,21,1422,,
1060,1.569529772,20,928,,
1061,1.328606367,21,1282,,
1062,1.359042406,21,1210,,
1063,1.099050283,21,1348,,
1064,1.382030249,21,1370,,
1065,1.271001339,21,1426,,
1066,1.25100112,21,1354,,
1067,1.086177111,21,1374,,
1068,1.325445175,21,1298,,
1069,1.299515963,21,1270,,
1070,1.414524794,21,934,,
1071,1.168005466,21,1282,,
1072,1.481981277,21,1152,,
1073,1.621554136,21,886,,
1074,1.225982666,21,1284,,
1075,1.337000132,21,1402,,
1076,1.325530529,21,1192,,
1077,1.439997911,21,1466,,
1078,1.589008808,21,1358,,
1079,1.371634722,19,946,,
1080,1.244003773,21,1200,,
1081,1.281002522,21,1438,,
1082,1.469002962,21,1066,,
1083,1.374000788,21,1112,,
1084,1.59253335,21,1064,,
1085,1.118000984,21,1308,,
1086,1.773988008,21,1082,,
1087,1.302993774,21,1238,,
1088,1.374165535,21,874,,
1089,1.220373869,21,1436,,
1090,1.400004864,21,1244,,
1091,1.378993511,21,1138,,
1092,1.41300416,21,1264,,
1093,1.372527122,21,1142,,
1094,1.466617823,21,1088,,
1095,1.222998619,21,1390,,
1096,1.338091612,21,1298,,
1097,1.299004793,21,1414,,
1098,1.197833776,21,1388,,
1099,1.303999901,21,1392,,
1100,1.199015617,21,1434,,
1101,1.115008593,21,1338,,
1102,1.525004387,21,1050,,
1103,1.389033079,21,1424,,
1104,1.503998995,21,1190,,
1105,1.421999693,21,1416,,
1106,1.379001141,21,1222,,
1107,1.454999685,21,1134,,
1108,1.326993704,21,1168,,
1109,1.20822835,21,1370,,
1110,1.276993036,21,1354,,
1111,1.488387346,20,1232,,
1112,1.344080448,21,1226,,
1113,1.473678827,21,1274,,
1114,1.629996538,21,1264,,
1115,1.367997169,21,1144,,
1116,1.255019903,21,1478,,
1117,1.416002274,21,1346,,
1118,1.456073046,21,1264,,
1119,1.127990246,21,1430,,
1120,1.39700985,21,1276,,
1121,1.182299614,21,1436,,
1122,1.401997805,21,1030,,
1123,1.149005651,21,1222,,
1124,1.520000696,20,1006,,
1125,1.412009001,21,1266,,
1126,1.611993551,21,1008,,
1127,1.092545033,21,1196,,
1128,1.256000519,21,1234,,
1129,1.29300189,21,1320,,
1130,1.255999088,21,1268,,
1131,1.363988161,21,976,,
1132,1.672006369,21,946,,
1133,1.434001684,21,1196,,
1134,1.419027328,21,932,,
1135,1.338006258,21,1180,,
1136,0.996002436,21,1462,,
1137,1.152999878,21,1374,,
1138,1.244999409,21,1350,,
1139,1.223008871,21,1336,,
1140,1.242002249,21,1326,,
1141,1.327991009,21,1246,,
1142,1.449002981,21,1216,,
1143,1.473002434,21,1236,,
1144,1.44931674,21,1084,,
1145,1.400998592,21,1200,,
1146,1.176911831,21,1366,,
1147,1.167022467,21,1224,,
1148,1.366003036,21,1362,,
1149,1.350995302,21,1380,,
1150,1.190997362,21,1346,,
1151,1.496987581,20,1008,,
1152,1.242001534,21,1216,,
1153,1.371551037,21,1204,,
1154,1.334997654,21,1252,,
1155,1.325002193,21,1238,,
1156,1.546033621,21,1308,,
1157,1.297999382,21,1176,,
1158,1.270001888,21,1130,,
1159,1.326001167,21,1122,,
1160,1.432041883,20,964,,
1161,1.182671785,21,1418,,
1162,1.439997196,21,1160,,
1163,1.474000692,21,1382,,
1164,1.370530128,21,1416,,
1165,1.295027256,21,1486,,
1166,1.40400219,21,952,,
1167,1.334000111,21,1078,,
1168,1.328998566,21,1170,,
1169,1.354980946,21,1084,,
1170,1.289998293,21,1272,,
1171,1.255088091,21,1312,,
1172,1.485996246,21,1222,,
1173,1.563004494,21,1248,,
1174,1.423793077,21,1220,,
1175,1.293995619,21,1402,,
1176,1.363226414,21,1376,,
1177,1.314998865,21,1300,,
1178,1.352999926,21,996,,
1179,1.213524342,21,1328,,
1180,1.608014345,21,1148,,
1181,1.405998945,21,1318,,
1182,1.027989626,21,1436,,
1183,1.431019783,21,1234,,
1184,1.167004824,21,1330,,
1185,1.172040462,21,1382,,
1186,1.424001455,19,980,,
1187,1.138977289,21,1308,,
1188,1.430992365,21,1228,,
1189,1.15801239,21,1318,,
1190,1.013995647,21,1458,,
1191,1.340004683,21,1210,,
1192,1.133441448,21,1226,,
1193,1.186026335,21,1282,,
1194,1.191994667,21,1414,,
1195,1.372010469,21,1252,,
1196,1.242997169,21,1366,,
1197,1.289996386,21,1260,,
1198,1.251995802,21,1196,,
1199,1.355014801,21,1176,,
1200,1.334988594,21,1190,,
1201,1.337006569,21,1256,,
1202,1.382999182,21,1234,,
1203,1.397366285,21,1326,,
1204,1.100529671,21,1280,,
1205,1.428995371,21,1232,,
1206,1.271995306,21,1294,,
1207,1.478002787,21,1152,,
1208,1.327011824,21,1166,,
1209,1.411996126,21,1166,,
1210,1.372023344,21,1228,,
1211,1.209054947,21,1354,,
1212,1.40801096,21,1310,,
1213,1.230999231,21,1206,,
1214,1.35852623,21,1048,,
1215,1.273994446,21,1272,,
1216,1.384342909,21,1200,,
1217,1.437427282,21,1174,,
1218,1.238488913,21,1346,,
1219,1.377592325,21,1292,,
1220,1.018000364,21,1432,,
1221,1.304985523,21,1178,,
1222,1.405212641,21,1168,,
1223,1.381227732,20,916,,
1224,1.315434456,21,1138,,
1225,1.280884743,21,1170,,
1226,1.144973278,21,1444,,
1227,1.347030878,21,1176,,
1228,1.15000391,21,1246,,
1229,1.408399105,21,1218,,
1230,1.1637218,21,1354,,
1231,1.270415783,21,1274,,
1232,1.114805698,21,1346,,
1233,1.569554329,20,1086,,
1234,1.296551228,21,1334,,
1235,1.421558857,21,1358,,
1236,1.371692657,21,1236,,
1237,1.266384602,21,1268,,
1238,1.118039131,21,1328,,
1239,1.200839996,21,1190,,
1240,1.561555624,21,1374,,
1241,1.37694025,21,1210,,
1242,1.252743244,21,1368,,
1243,1.447018623,21,1228,,
1244,1.325767279,21,1316,,
1245,1.480676413,21,1154,,
1246,1.566801071,21,1134,,
1247,1.49932313,21,1368,,
1248,1.200102568,21,1454,,
1249,1.084708929,21,1438,,
1250,1.349443674,21,1410,,
1251,1.30009985,21,1200,,
1252,1.314162016,21,1200,,
1253,1.452387333,21,1022,,
1254,1.233017445,21,1278,,
1255,1.150091171,21,1274,,
1256,1.406842709,21,1086,,
1257,1.464899778,21,1096,,
1258,1.226942539,21,1276,,
1259,1.490699053,21,1228,,
1260,1.094200611,21,1314,,
1261,1.295396328,21,934,,
1262,1.39621067,21,1116,,
1263,1.420072079,21,1192,,
1264,1.373401642,21,1180,,
1265,1.419106007,21,1102,,
1266,1.661841631,21,1292,,
1267,1.385589361,21,942,,
1268,1.491110086,21,1242,,
1269,1.549038887,21,1092,,
1270,1.008786678,21,1524,,
1271,1.206981421,21,1326,,
1272,1.620170116,21,1158,,
1273,1.38770771,21,1040,,
1274,1.151760101,21,1298,,
1275,1.333079338,21,1216,,
1276,0.9926126,21,1400,,
1277,1.43535471,21,982,,
1278,1.378918648,21,1230,,
1279,1.249214411,21,1352,,
1280,1.352150202,21,1302,,
1281,1.336698055,21,1262,,
1282,1.466687202,21,1136,,
1283,1.201075315,21,1332,,
1284,1.587765455,21,932,,
1285,1.032022953,21,1348,,
1286,1.574116468,21,1144,,
1287,1.139822006,21,1380,,
1288,1.6073277,21,1198,,
1289,1.143882751,21,1334,,
1290,1.270535469,21,1272,,
1291,1.504462004,21,1134,,
1292,1.051151514,21,1296,,
1293,1.249443293,21,1156,,
1294,1.230039835,21,1358,,
1295,1.381268263,21,1060,,
1296,1.496435881,21,1192,,
1297,1.355823278,21,1222,,
1298,1.170457125,21,1392,,
1299,1.477236986,21,1064,,
1300,1.471718311,21,1212,,
1301,1.169951439,21,1410,,
1302,1.47013092,21,1268,,
1303,1.131970644,21,1272,,
1304,1.295669794,21,1484,,
1305,1.359353781,21,1094,,
1306,1.275026321,21,1260,,
1307,1.379713774,21,1246,,
1308,1.223995924,21,1270,,
1309,1.374555588,21,1300,,
1310,1.18403554,21,1098,,
1311,1.288218975,21,1216,,
1312,1.186553955,21,1290,,
1313,1.368804932,21,1316,,
1314,1.323815584,21,1272,,
1315,1.251197338,21,1326,,
1316,1.358359575,21,1292,,
1317,1.367015362,21,1192,,
1318,1.169007778,21,1456,,
1319,1.20199132,21,1082,,
1320,1.284823656,21,1288,,
1321,1.221190691,21,1392,,
1322,1.350940704,21,1322,,
1323,1.35051918,21,1274,,
1324,1.349028826,21,1370,,
1325,1.223583698,21,1422,,
1326,1.347539902,21,1204,,
1327,1.193184614,21,1300,,
1328,1.332134247,21,1278,,
1329,1.346530437,21,1290,,
1330,1.45501709,21,1196,,
1331,1.227982283,21,1248,,
1332,1.017548084,21,1420,,
1333,1.602793932,21,1104,,
1334,1.179532766,21,1254,,
1335,1.448116541,21,1292,,
1336,1.418488503,21,1378,,
1337,1.319454908,21,1384,,
1338,1.231814384,21,1290,,
1339,1.207987785,21,1226,,
1340,1.277235985,21,1266,,
1341,1.462274313,21,1252,,
1342,1.267443895,21,1198,,
1343,1.069851398,21,1426,,
1344,1.529970884,21,1170,,
1345,1.480835438,21,1202,,
1346,1.084953547,21,1336,,
1347,1.153674364,21,1146,,
1348,1.349384069,21,1214,,
1349,1.434531212,21,1098,,
1350,1.425616026,21,1308,,
1351,1.275007248,21,1258,,
1352,1.337815285,21,1174,,
1353,1.117297888,21,1288,,
1354,1.154024124,21,1284,,
1355,1.432880402,21,1016,,
1356,1.534146786,21,1148,,
1357,1.067619324,21,1356,,
1358,1.669772148,20,934,,
1359,1.304419279,21,1420,,
1360,1.382552624,21,1294,,
1361,1.393084049,21,1358,,
1362,1.314140797,21,1306,,
1363,1.295763254,21,1230,,
1364,1.153944016,21,1544,,
1365,1.069000959,21,1392,,
1366,1.241602421,21,1266,,
1367,1.524677753,21,1122,,
1368,1.398951292,21,1240,,
1369,1.331353426,21,1360,,
1370,1.289745808,21,1318,,
1371,1.364878178,21,1260,,
1372,1.370280743,21,980,,
1373,1.300987005,21,1262,,
1374,1.2387712,21,1244,,
1375,1.267099857,21,1130,,
1376,1.30349803,21,1164,,
1377,1.348319292,21,1366,,
1378,1.101880074,21,1314,,
1379,1.263472795,21,1334,,
1380,1.620969772,21,1236,,
1381,1.412151814,21,1354,,
1382,1.503869295,21,1286,,
1383,1.198974133,21,1274,,
1384,1.02465868,21,1428,,
1385,1.253163576,21,1320,,
1386,1.229901075,21,1118,,
1387,1.296125412,21,1182,,
1388,1.346858263,21,1106,,
1389,1.406052113,19,1078,,
1390,1.532289982,19,850,,
1391,1.561844587,21,1102,,
1392,1.676205158,20,882,,
1393,1.249479055,21,1244,,
1394,1.389538765,21,1126,,
1395,1.166879892,21,1222,,
1396,1.036807537,21,1372,,
1397,1.342997313,21,1490,,
1398,1.290928125,21,1286,,
1399,1.166012526,21,1300,,
1400,1.263024092,21,1442,,
1401,1.44899416,21,1162,,
1402,1.431041718,21,1138,,
1403,1.192970514,21,1208,,
1404,1.079999924,21,1258,,
1405,1.329993486,21,1132,,
1406,1.21800375,21,1258,,
1407,1.619011402,21,1090,,
1408,1.2375319,21,1290,,
1409,1.381472111,21,1246,,
1410,1.40042758,21,1328,,
1411,1.208000898,21,1172,,
1412,1.544995785,21,978,,
1413,1.440993547,21,1152,,
1414,1.449993134,21,1094,,
1415,1.20896244,21,1236,,
1416,1.3091712,21,1200,,
1417,1.409981966,21,1262,,
1418,1.264260054,21,1082,,
1419,1.260329247,21,1322,,
1420,1.445478916,21,1254,,
1421,1.262423515,21,1408,,
1422,1.066410542,21,1368,,
1423,1.374964476,21,1472,,
1424,1.244712353,21,1262,,
1425,1.15063715,21,1384,,
1426,1.376367331,21,1280,,
1427,1.518104076,21,1046,,
1428,1.262126923,21,1224,,
1429,1.465364218,21,1172,,
1430,1.551594257,21,1088,,
1431,1.464797735,20,970,,
1432,1.255059004,21,1272,,
1433,1.344973803,21,1386,,
1434,1.555871248,21,1066,,
1435,1.374013901,20,882,,
1436,1.131783247,21,1410,,
1437,1.166804314,21,1422,,
1438,1.489831448,21,1382,,
1439,1.348819256,21,1146,,
1440,1.217801332,21,1306,,
1441,1.292976141,21,1202,,
1442,1.34566021,21,1150,,
1443,1.656659842,21,1078,,
1444,1.508832455,21,1292,,
1445,1.194643974,21,1258,,
1446,1.258995533,21,1352,,
1447,1.291181564,21,1292,,
1448,1.111038446,21,1216,,
1449,1.335958719,21,1182,,
1450,1.407070398,19,960,,
1451,1.395445108,21,1114,,
1452,1.216184616,21,1428,,
1453,1.589878321,20,804,,
1454,1.210894585,21,1326,,
1455,1.374928236,21,1308,,
1456,1.465937376,21,1148,,
1457,1.336262941,21,1292,,
1458,1.30379343,18,826,,
1459,1.255084991,21,1440,,
1460,1.278256416,21,1252,,
1461,1.391211033,21,1380,,
1462,1.241800785,21,1212,,
1463,1.084717035,21,1216,,
1464,1.275429964,21,1234,,
1465,1.397552967,21,1256,,
1466,1.194420099,21,1278,,
1467,1.238845348,21,1210,,
1468,1.201994419,21,1298,,
1469,1.44282198,21,1104,,
1470,1.076052904,21,1448,,
1471,1.338398695,21,1356,,
1472,1.50272584,21,1152,,
1473,1.343925714,21,1224,,
1474,1.074956894,21,1434,,
1475,1.342419147,21,1236,,
1476,1.193678379,21,1280,,
1477,1.357877493,19,1080,,
1478,1.552810192,21,1114,,
1479,1.187844753,21,1368,,
1480,1.081816673,21,1412,,
1481,1.482313395,21,1164,,
1482,1.327129602,21,1234,,
1483,1.476155281,21,1108,,
1484,1.04791069,21,1410,,
1485,1.250976086,21,1492,,
1486,1.351663589,21,1406,,
1487,1.335980892,21,1274,,
1488,1.442445278,21,1298,,
1489,1.583176374,21,1186,,
1490,1.493971825,21,1172,,
1491,1.339561939,21,1132,,
1492,1.331699848,21,1144,,
1493,1.188993216,21,1156,,
1494,1.13978529,21,1382,,
1495,1.029101133,21,1444,,
1496,1.445533276,21,1128,,
1497,1.208431244,21,1346,,
1498,1.537326336,21,1140,,
1499,1.340704679,21,1210,,
1500,1.214965343,21,1300,,
1501,1.245161533,21,1236,,
1502,1.475550652,21,1168,,
1503,1.382513046,21,1086,,
1504,1.141911268,21,1326,,
1505,1.140135288,21,1274,,
1506,1.432555914,21,1126,,
1507,1.247165918,21,1192,,
1508,1.639044046,21,1260,,
1509,1.309999704,21,1242,,
1510,1.465839624,21,1196,,
1511,1.497952461,21,1250,,
1512,1.271160126,21,1182,,
1513,1.232394457,21,1270,,
1514,1.334471226,21,1254,,
1515,1.267955065,21,1264,,
1516,1.603915215,19,946,,
1517,1.324258089,21,1138,,
1518,1.003518105,21,1272,,
1519,1.344200373,20,1040,,
1520,1.249771595,21,1410,,
1521,1.50888133,21,1172,,
1522,1.178451061,21,1294,,
1523,1.134095669,21,1258,,
1524,1.682856321,21,1052,,
1525,1.370987415,21,1260,,
1526,1.185753107,21,1354,,
1527,1.281910896,21,1264,,
1528,1.359997511,21,1166,,
1529,1.464136362,21,1128,,
1530,1.389463902,21,1176,,
1531,1.694053411,21,1042,,
1532,1.191140413,21,1192,,
1533,1.43070364,21,1386,,
1534,1.569322109,21,1144,,
1535,1.589285374,21,1216,,
1536,1.397149563,21,1288,,
1537,1.052377224,21,1386,,
1538,1.203398705,21,1262,,
1539,1.299382925,21,1518,,
1540,1.21759367,21,1384,,
1541,1.266125441,21,1202,,
1542,1.213973761,21,1256,,
1543,1.284620523,21,1360,,
1544,1.265101194,21,1200,,
1545,1.089986086,21,1384,,
1546,1.259233475,21,1252,,
1547,1.004704714,21,1374,,
1548,1.355103254,21,1316,,
1549,1.512299299,21,916,,
1550,1.218093634,21,1280,,
1551,1.144896984,21,1396,,
1552,1.31888628,21,1282,,
1553,1.060944319,21,1508,,
1554,1.360721827,21,1158,,
1555,1.122768402,21,1326,,
1556,1.268399954,21,1190,,
1557,1.227009773,21,1282,,
1558,1.283001423,21,1178,,
1559,1.305030346,21,1184,,
1560,1.384790659,21,1338,,
1561,1.339777231,21,1284,,
1562,1.139514208,21,1262,,
1563,1.213213444,21,1234,,
1564,1.3268435,21,1328,,
1565,1.356775045,21,1242,,
1566,1.267464876,21,1266,,
1567,1.339425325,21,1404,,
1568,1.199752331,21,1454,,
1569,1.202906847,21,1244,,
1570,1.381565809,21,1022,,
1571,1.135345221,21,1264,,
1572,1.446904898,21,1018,,
1573,1.378239393,21,1264,,
1574,1.002397776,21,1376,,
1575,1.421403408,21,1234,,
1576,1.390786886,21,1100,,
1577,1.214078426,21,1240,,
1578,1.424171448,21,1516,,
1579,1.533978939,20,1130,,
1580,1.463852406,21,1222,,
1581,1.048029661,21,1246,,
1582,1.3490026,21,1306,,
1583,1.356705189,21,1098,,
1584,1.31029129,21,1288,,
1585,1.368912458,21,1236,,
1586,1.225420237,21,1238,,
1587,1.302903175,15,820,,
1588,1.188369513,21,1408,,
1589,1.352971077,21,1290,,
1590,1.23203516,21,1352,,
1591,0.985557556,21,1504,,
1592,1.475988626,21,1050,,
1593,1.543683529,21,1162,,
1594,1.367975473,21,1242,,
1595,1.380433798,21,1084,,
1596,1.27718997,21,1358,,
1597,1.549817801,20,898,,
1598,1.187516451,21,1444,,
1599,1.314570904,21,1170,,
1600,1.348328829,21,1144,,
1601,1.153772831,21,1244,,
1602,1.185485363,21,1342,,
1603,1.472491264,21,1196,,
1604,1.347593069,21,1226,,
1605,1.067160845,21,1372,,
1606,1.353533506,21,1322,,
1607,1.615878105,21,1268,,
1608,1.598883867,21,1096,,
1609,1.136913061,21,1258,,
1610,1.166934729,21,1284,,
1611,1.367598772,21,1166,,
1612,1.242880106,21,1364,,
1613,1.154088736,21,1386,,
1614,1.512896299,21,1016,,
1615,1.109003067,21,1400,,
1616,1.3580091,21,1366,,
1617,1.293341875,21,1264,,
1618,1.601350069,21,1194,,
1619,1.56107378,21,1166,,
1620,1.217936277,21,1192,,
1621,1.558018684,21,896,,
1622,1.202764034,21,1296,,
1623,1.323855639,21,1412,,
1624,1.447347403,21,944,,
1625,1.08578968,21,1508,,
1626,1.190301895,21,1398,,
1627,1.236011028,21,1292,,
1628,1.515019417,21,996,,
1629,1.472750902,21,1212,,
1630,1.36805582,21,1374,,
1631,1.420147419,21,1142,,
1632,1.331067801,21,1322,,
1633,1.133193493,21,1538,,
1634,1.215902805,21,1244,,
1635,1.536176205,21,1074,,
1636,1.35774231,21,1048,,
1637,1.130347013,21,1376,,
1638,1.530562639,21,980,,
1639,1.301572323,21,1328,,
1640,1.438653469,18,916,,
1641,1.201204538,21,1342,,
1642,1.303225994,21,1384,,
1643,1.318619251,21,1176,,
1644,1.16836834,21,1156,,
1645,1.39901495,21,1066,,
1646,1.484885931,21,1096,,
1647,1.365106106,21,1234,,
1648,1.288468122,21,1238,,
1649,1.073921204,21,1396,,
1650,1.383763313,21,1280,,
1651,1.11499548,21,1470,,
1652,1.284726858,21,1428,,
1653,1.276882648,21,1140,,
1654,1.2970469,21,1060,,
1655,1.393009901,21,1328,,
1656,1.470993042,21,1108,,
1657,1.370922089,21,1454,,
1658,1.384900093,21,1080,,
1659,1.225804806,21,1256,,
1660,1.518111706,20,954,,
1661,1.164975166,21,1310,,
1662,1.499952078,21,1088,,
1663,1.301401615,21,1406,,
1664,1.233819962,21,1482,,
1665,1.130482197,21,1334,,
1666,1.417896748,21,1352,,
1667,1.263620853,20,1054,,
1668,1.4889853,21,1346,,
1669,1.514997721,21,1162,,
1670,1.583226919,21,1186,,
1671,1.156908274,21,1232,,
1672,1.29465127,21,1166,,
1673,1.142837048,21,1288,,
1674,1.463979006,21,1212,,
1675,1.379607201,21,1302,,
1676,1.315263987,21,1114,,
1677,1.235661745,21,1384,,
1678,1.167257786,21,1460,,
1679,1.48367691,21,1130,,
1680,1.240071058,21,1388,,
1681,1.396064043,21,1042,,
1682,1.572858334,21,1340,,
1683,1.196472883,21,1214,,
1684,1.269427776,21,1206,,
1685,1.405421257,21,1090,,
1686,1.198806047,21,1376,,
1687,1.302021503,21,1416,,
1688,1.301561117,21,1256,,
1689,1.315984726,21,1116,,
1690,1.511906862,21,1322,,
1691,0.978511333,21,1424,,
1692,1.283459187,21,1234,,
1693,1.134228468,21,1284,,
1694,1.354684353,21,1198,,
1695,1.364826679,21,1020,,
1696,1.382832289,21,1248,,
1697,1.297023773,18,774,,
1698,1.348630428,21,1086,,
1699,1.51643157,21,1150,,
1700,1.236353159,21,1378,,
1701,1.524139404,21,1164,,
1702,1.343693972,21,916,,
1703,1.218839407,21,1300,,
1704,1.364134073,21,1062,,
1705,1.706263542,21,1226,,
1706,1.134950161,21,1286,,
1707,1.405286789,21,1252,,
1708,1.240176678,21,1352,,
1709,1.401500702,21,1236,,
1710,1.275092363,21,1348,,
1711,1.241927385,21,1388,,
1712,1.581213951,21,1328,,
1713,1.236611366,21,1406,,
1714,1.449044466,21,1248,,
1715,1.485947371,21,1116,,
1716,1.315700054,21,1094,,
1717,1.617270947,21,1132,,
1718,1.381878853,21,1162,,
1719,1.43286252,21,1212,,
1720,1.308092356,21,1258,,
1721,1.104079962,21,1404,,
1722,1.010050774,21,1374,,
1723,1.29891634,21,1276,,
1724,1.137002707,21,1418,,
1725,1.116916895,21,1428,,
1726,1.424609423,21,1270,,
1727,1.24856329,21,1358,,
1728,1.372078896,21,1206,,
1729,1.232138395,21,1274,,
1730,1.535403013,21,1164,,
1731,1.436364889,21,1256,,
1732,1.421215534,21,1146,,
1733,1.603946686,21,1000,,
1734,1.332863569,21,1338,,
1735,1.414917469,21,1190,,
1736,1.253795147,21,1404,,
1737,1.35098052,21,1268,,
1738,1.141865492,21,1276,,
1739,1.370975018,21,1042,,
1740,1.07981348,21,1490,,
1741,1.506134033,21,1162,,
1742,1.395176649,21,1346,,
1743,1.06812191,21,1464,,
1744,1.504334211,21,1218,,
1745,1.29649806,21,1190,,
1746,1.385189056,21,1224,,
1747,1.396536112,21,1444,,
1748,1.248377323,21,1402,,
1749,1.475548506,21,1122,,
1750,1.255234241,21,1304,,
1751,1.182960033,21,1208,,
1752,1.399975061,21,1276,,
1753,1.156492472,21,1374,,
1754,1.365884542,21,1412,,
1755,1.255397797,21,1466,,
1756,1.156099319,21,1258,,
1757,1.166240215,21,1480,,
1758,1.182576418,21,1336,,
1759,1.558532953,21,1050,,
1760,1.27853179,21,1392,,
1761,1.553935528,21,1148,,
1762,1.328105927,21,1130,,
1763,1.257020473,21,1446,,
1764,1.451981544,21,1352,,
1765,1.150178432,21,1252,,
1766,1.329428434,21,978,,
1767,1.585508108,21,880,,
1768,1.407989264,21,1228,,
1769,1.308414698,21,1304,,
1770,1.516582012,21,1406,,
1771,1.332802057,21,1336,,
1772,1.460306644,21,932,,
1773,1.163814783,21,1456,,
1774,1.261369228,21,1318,,
1775,1.147144318,21,1354,,
1776,1.27212429,21,1250,,
1777,1.531100273,18,706,,
1778,1.49331212,21,1328,,
1779,1.223531485,21,1362,,
1780,1.455415726,21,1080,,
1781,1.419337511,21,1032,,
1782,1.241971493,19,952,,
1783,1.345154762,21,1174,,
1784,1.217865229,21,1310,,
1785,1.234804869,21,1294,,
1786,1.620686293,21,906,,
1787,1.182198763,21,1386,,
1788,1.285810709,21,1218,,
1789,1.400331259,21,1374,,
1790,1.384037256,21,1194,,
1791,1.329083681,21,1426,,
1792,1.267006874,21,1178,,
1793,1.26577425,21,1394,,
1794,1.538855076,21,1392,,
1795,1.192624331,21,1218,,
1796,1.203186035,21,1378,,
1797,1.287158966,21,1196,,
1798,1.231217861,21,1278,,
1799,1.32041049,21,1448,,
1800,1.384979486,21,972,,
1801,1.165991545,21,1340,,
1802,1.398536205,21,1338,,
1803,1.498229265,21,1096,,
1804,1.427337885,21,1032,,
1805,1.448766947,21,1128,,
1806,1.402496815,21,1368,,
1807,1.335513353,21,1076,,
1808,1.216899157,21,1274,,
1809,1.087510824,21,1458,,
1810,1.333036423,21,1174,,
1811,1.23542285,21,1350,,
1812,1.682222605,21,1054,,
1813,1.240952253,21,1482,,
1814,1.242636442,21,1210,,
1815,1.309248924,21,1346,,
1816,1.317130804,21,1100,,
1817,1.582835197,21,1098,,
1818,1.232926369,21,1436,,
1819,1.414862633,21,926,,
1820,1.168050289,21,1546,,
1821,1.161679745,21,1280,,
1822,1.286452055,21,1180,,
1823,1.447472095,21,1088,,
1824,1.196973562,21,1296,,
1825,1.096482515,21,1382,,
1826,1.564081192,21,1200,,
1827,1.600978374,21,1102,,
1828,1.565497398,21,1286,,
1829,1.385981798,21,1270,,
1830,1.466925621,21,1336,,
1831,1.364133835,21,1152,,
1832,1.301876307,21,1250,,
1833,1.308634758,21,1196,,
1834,1.228262663,21,1080,,
1835,1.122713089,21,1370,,
1836,1.537922621,21,1084,,
1837,1.19720149,21,1352,,
1838,1.388996124,21,1188,,
1839,1.331079483,21,1230,,
1840,1.632896662,21,1262,,
1841,1.042078972,21,1452,,
1842,1.414942741,21,1290,,
1843,1.220790863,21,1300,,
1844,1.32237196,21,1114,,
1845,1.334131241,18,1102,,
1846,1.202953339,21,1504,,
1847,1.196229935,21,1436,,
1848,1.363537073,21,1380,,
1849,1.367160082,21,1348,,
1850,1.167713881,21,1184,,
1851,1.375554562,21,1096,,
1852,1.199105501,21,1354,,
1853,1.435427904,21,1230,,
1854,1.348500729,21,1304,,
1855,1.388014317,21,1252,,
1856,1.39481926,21,1192,,
1857,1.265669823,21,1256,,
1858,1.149876356,21,1428,,
1859,1.315622807,21,1080,,
1860,1.329746723,21,1250,,
1861,1.117576838,21,1424,,
1862,1.248855591,21,1334,,
1863,1.126115322,21,1332,,
1864,1.290889025,21,1428,,
1865,1.521887064,21,1000,,
1866,1.349932432,21,1390,,
1867,1.247075319,21,1366,,
1868,1.351946115,21,1308,,
1869,1.324741125,21,1238,,
1870,1.088000059,21,1452,,
1871,1.449974775,21,1304,,
1872,1.347999811,21,1158,,
1873,1.126989841,21,1438,,
1874,1.138596058,21,1472,,
1875,1.235734463,21,1460,,
1876,1.333687782,21,1326,,
1877,1.424705267,21,1182,,
1878,1.008989573,21,1562,,
1879,1.575115919,21,1176,,
1880,1.199359179,21,1184,,
1881,1.563791752,21,970,,
1882,1.098406315,21,1420,,
1883,1.360088825,21,1270,,
1884,1.250002146,21,1396,,
1885,1.363046885,21,1246,,
1886,1.410826683,21,1184,,
1887,1.492627859,21,1230,,
1888,1.411760569,21,1430,,
1889,1.320893764,21,1138,,
1890,1.467699766,20,1146,,
1891,1.071636438,21,1554,,
1892,1.136755228,21,1332,,
1893,1.093080521,21,1268,,
1894,1.214997292,21,1376,,
1895,1.347812414,21,1128,,
1896,1.352009058,21,1222,,
1897,1.397983789,21,1288,,
1898,1.28759551,21,1250,,
1899,1.419898748,21,1382,,
1900,1.26867485,21,1144,,
1901,1.196890116,21,1496,,
1902,1.288110971,21,1282,,
1903,1.462218046,21,1206,,
1904,1.211028099,21,1318,,
1905,1.449002266,21,1184,,
1906,1.462660789,21,1264,,
1907,0.98691082,21,1414,,
1908,1.345510483,21,1314,,
1909,1.533978701,21,1138,,
1910,1.324091434,21,1118,,
1911,1.109853745,21,1188,,
1912,1.094303131,21,1328,,
1913,1.352726221,21,1268,,
1914,1.329515696,21,1172,,
1915,1.009744883,21,1402,,
1916,1.01531744,21,1320,,
1917,1.489104748,21,1124,,
1918,1.495413065,21,1042,,
1919,1.249264956,21,1080,,
1920,1.333837271,21,1302,,
1921,1.303024769,21,1346,,
1922,1.637709618,21,1258,,
1923,1.465019941,21,1156,,
1924,1.36615324,21,1410,,
1925,1.346243382,21,1154,,
1926,1.199808598,21,1424,,
1927,1.401853323,21,1132,,
1928,1.414093971,21,1210,,
1929,1.366812706,21,1348,,
1930,1.157017231,21,1320,,
1931,1.49924922,21,1206,,
1932,1.315259695,21,1324,,
1933,1.315826654,21,1180,,
1934,1.07292819,21,1330,,
1935,1.25402689,21,1266,,
1936,1.248730898,21,1326,,
1937,1.650731802,21,1108,,
1938,1.151037455,21,1532,,
1939,1.255398035,21,1350,,
1940,1.417404175,21,1246,,
1941,1.450909376,21,1164,,
1942,1.283364773,21,1298,,
1943,1.289991379,21,1294,,
1944,1.330280066,21,1204,,
1945,1.519681454,21,1138,,
1946,1.174839497,21,1440,,
1947,1.229810238,21,1386,,
1948,1.567390203,20,1008,,
1949,1.09208107,21,1412,,
1950,1.449149132,21,1294,,
1951,1.162737846,21,1270,,
1952,1.285205841,21,1184,,
1953,1.359885693,21,1224,,
1954,1.113631725,21,1456,,
1955,1.134717464,21,1306,,
1956,1.219854355,21,1448,,
1957,1.345546484,21,1086,,
1958,1.290729046,21,1230,,
1959,1.267420769,21,1342,,
1960,1.132834673,21,1278,,
1961,1.341543436,21,1246,,
1962,1.509649992,21,1000,,
1963,1.333374262,21,1210,,
1964,1.443887711,21,1018,,
1965,1.096885204,21,1406,,
1966,1.47278142,21,1158,,
1967,1.161983967,21,1336,,
1968,1.152304173,21,1442,,
1969,1.417948723,21,1100,,
1970,1.298862696,21,1076,,
1971,1.273210049,21,1214,,
1972,1.283865452,21,1232,,
1973,0.980839252,21,1588,,
1974,1.517984629,21,1124,,
1975,1.510392904,21,1230,,
1976,1.257003069,21,1256,,
1977,1.348339081,21,1236,,
1978,1.134028435,21,1238,,
1979,1.415971041,21,1108,,
1980,1.281448126,21,1254,,
1981,1.282335758,21,1284,,
1982,1.230456352,21,1444,,
1983,1.098104239,21,1300,,
1984,1.310905218,21,1358,,
1985,1.366085529,21,1178,,
1986,1.20878005,21,1140,,
1987,1.27315259,21,1206,,
1988,1.097909927,21,1500,,
1989,1.293950081,21,1118,,
1990,1.641158342,21,1092,,
1991,1.279017687,21,1146,,
1992,1.05598402,21,1434,,
1993,1.346933126,21,1144,,
1994,1.151013374,21,1410,,
1995,1.23600769,21,1458,,
1996,1.216999054,21,1094,,
1997,1.313160896,21,1326,,
1998,1.423443079,21,1310,,
1999,1.159381151,21,1450,,
2000,1.062874794,21,1494,,
